-- INSERT statements for Language Chooser
-- Copy this script and paste it into a MySQL console or phpMyAdmin to insert data.
-- The database and the tables must already be created before adding this data.
-- Author: Ronan Smith, Date: 09/01/18.

--  -------------------------------- FACT OF THE DAY INSERTS  --------------------------------
-- Source:
INSERT INTO `facts` (`id`, `fact`, `source`) VALUES (NULL, '"The first computer programmer was a female, called Ada Lovelace"', 'http://www.kickassfacts.com/30-kickass-interesting-facts-about-computers/');
-- ----------
-- Source: http://www.kickassfacts.com/30-kickass-interesting-facts-about-computers/
INSERT INTO `facts` (`id`, `fact`, `source`) VALUES (NULL, '"Only 8% of the world’s currency is physical money, the rest only exists on computers."', 'http://www.kickassfacts.com/30-kickass-interesting-facts-about-computers/');
INSERT INTO `facts` (`id`, `fact`, `source`) VALUES (NULL, '"John Lasseter (CEO of Pixar) was fired from Disney for promoting computer animation."', 'http://www.kickassfacts.com/30-kickass-interesting-facts-about-computers/');
INSERT INTO `facts` (`id`, `fact`, `source`) VALUES (NULL, '"In 1936, the Russians made a computer that ran on water."', 'http://www.kickassfacts.com/30-kickass-interesting-facts-about-computers/');
INSERT INTO `facts` (`id`, `fact`, `source`) VALUES (NULL, '"A 15 year old hacked NASA computers and caused a 21-day shutdown of their computers. He hacked Pentagon weapons computer too."', 'http://www.kickassfacts.com/30-kickass-interesting-facts-about-computers/');
INSERT INTO `facts` (`id`, `fact`, `source`) VALUES (NULL, '"MIT has developed a computer software that can identify and distinguish a real smile from a smile of frustration."', 'http://www.kickassfacts.com/30-kickass-interesting-facts-about-computers/');

INSERT INTO `facts` (`id`, `fact`, `source`) VALUES (NULL, '"CAPTCHA is an acronym for “Completely Automated Public Turing test to tell Computers and Humans Apart”."', 'http://www.kickassfacts.com/30-kickass-interesting-facts-about-computers/');
INSERT INTO `facts` (`id`, `fact`, `source`) VALUES (NULL, '"In 1988, when the American Internet was paralyzed by a computer virus, quick thinker Pal Spiller saved the Norwegian Internet by literally pulling the plug."', 'http://www.kickassfacts.com/30-kickass-interesting-facts-about-computers/');
INSERT INTO `facts` (`id`, `fact`, `source`) VALUES (NULL, '"The first actual computer “bug” was a dead moth which was stuck in a Harvard Mark II computer in 1947."', 'http://www.kickassfacts.com/30-kickass-interesting-facts-about-computers/');
INSERT INTO `facts` (`id`, `fact`, `source`) VALUES (NULL, '"There is a Scandinavian company that is working on a way to translate what a dog is thinking using EEG-sensors and microcomputers. They already have a prototype available. "', 'http://www.kickassfacts.com/30-kickass-interesting-facts-about-computers/');
INSERT INTO `facts` (`id`, `fact`, `source`) VALUES (NULL, '"40-55% of all Wikipedia vandalism is caught by a single computer program with 90% accuracy."', 'http://www.kickassfacts.com/30-kickass-interesting-facts-about-computers/');
-- ---------
-- Source: https://www.coolkidfacts.com/computer-facts/
INSERT INTO `facts` (`id`, `fact`, `source`) VALUES (NULL, '"In 1833 a man by the name of Charles Babbage invented all the parts that are now used for a modern computer. But it was only 120 years later that the first ‘modern’ computers were invented."', 'https://www.coolkidfacts.com/computer-facts/');
INSERT INTO `facts` (`id`, `fact`, `source`) VALUES (NULL, '"Computers have fans to keep them cool; without a fan, your computer would overheat and catch fire."', 'https://www.coolkidfacts.com/computer-facts/');
INSERT INTO `facts` (`id`, `fact`, `source`) VALUES (NULL, '"Over 6,000 computer viruses are released each month."', 'https://www.coolkidfacts.com/computer-facts/');
INSERT INTO `facts` (`id`, `fact`, `source`) VALUES (NULL, '"Facebook has over a billion users. If it was a country it would be the third largest in the world."', 'https://www.coolkidfacts.com/computer-facts/');
INSERT INTO `facts` (`id`, `fact`, `source`) VALUES (NULL, '"HP, Google, Microsoft and Apple all started out of garages."', 'https://www.coolkidfacts.com/computer-facts/');

INSERT INTO `facts` (`id`, `fact`, `source`) VALUES (NULL, '"Did you know that you blink up to 20 times a minute? However, you only blink 7 times a minute when you’re using a computer!"', 'https://www.coolkidfacts.com/computer-facts/');
-- ---------
-- Source: http://www.incrediblelab.com/interesting-computer-facts/
INSERT INTO `facts` (`id`, `fact`, `source`) VALUES (NULL, '"The first electronic computer ENIAC weighed more than 27 tons and took up 1800 square feet."', 'http://www.incrediblelab.com/interesting-computer-facts/');
INSERT INTO `facts` (`id`, `fact`, `source`) VALUES (NULL, '"TYPEWRITER is the longest word that you can write using the letters only on one row of the keyboard of your computer."', 'http://www.incrediblelab.com/interesting-computer-facts/');
INSERT INTO `facts` (`id`, `fact`, `source`) VALUES (NULL, '"Doug Engelbart invented the first computer mouse in around 1964 which was made of wood."', 'http://www.incrediblelab.com/interesting-computer-facts/http://www.incrediblelab.com/interesting-computer-facts/');
INSERT INTO `facts` (`id`, `fact`, `source`) VALUES (NULL, '"If there was a computer as powerful as the human brain, it would be able to do 38 thousand trillion operations per second and hold more than 3580 terabytes of memory."', 'http://www.incrediblelab.com/interesting-computer-facts/');
INSERT INTO `facts` (`id`, `fact`, `source`) VALUES (NULL, '"The password for the computer controls of nuclear tipped missiles of the U.S was 00000000 for eight years."', 'http://www.incrediblelab.com/interesting-computer-facts/');

INSERT INTO `facts` (`id`, `fact`, `source`) VALUES (NULL, '"Approximately 70% of virus writers are said to work under contract for organized crime syndicates."', 'http://www.incrediblelab.com/interesting-computer-facts/');
INSERT INTO `facts` (`id`, `fact`, `source`) VALUES (NULL, '"The first ever hard disk drive was made in 1979, and could hold only 5MB of data."', 'http://www.incrediblelab.com/interesting-computer-facts/');
INSERT INTO `facts` (`id`, `fact`, `source`) VALUES (NULL, '"The first 1GB hard disk drive was announced in 1980 which weighed about 550 pounds, and had a price tag of $40,000."', 'http://www.incrediblelab.com/interesting-computer-facts/');
INSERT INTO `facts` (`id`, `fact`, `source`) VALUES (NULL, '"More than 80% of the emails sent daily are spams."', 'http://www.incrediblelab.com/interesting-computer-facts/');
INSERT INTO `facts` (`id`, `fact`, `source`) VALUES (NULL, '"A group of 12 engineers designed IBM PC and they were called as “The Dirty Dozen”."', 'http://www.incrediblelab.com/interesting-computer-facts/');

INSERT INTO `facts` (`id`, `fact`, `source`) VALUES (NULL, '"The original name of windows was Interface Manager."', 'http://www.incrediblelab.com/interesting-computer-facts/');
INSERT INTO `facts` (`id`, `fact`, `source`) VALUES (NULL, '"The first microprocessor created by Intel was the 4004. It was designed for a calculator, and in that time nobody imagined where it would lead."', 'http://www.incrediblelab.com/interesting-computer-facts/');
INSERT INTO `facts` (`id`, `fact`, `source`) VALUES (NULL, '"IBM 5120 from 1980 was the heaviest desktop computer ever made. It weighed about 105 pounds, not including the 130 pounds external floppy drive."', 'http://www.incrediblelab.com/interesting-computer-facts/');
INSERT INTO `facts` (`id`, `fact`, `source`) VALUES (NULL, '"Genesis Device demonstration video in Star Trek II: The Wrath of Khan was the the first entirely computer generated movie sequence in the history of cinema. That studio later become Pixar."', 'http://www.incrediblelab.com/interesting-computer-facts/');
-- ---------
-- Source: http://www.prophethacker.com/2016/09/interesting-facts-about-computer.html
INSERT INTO `facts` (`id`, `fact`, `source`) VALUES (NULL, '"Bill Gates, the founder of Microsoft was a college drop out."', 'http://www.prophethacker.com/2016/09/interesting-facts-about-computer.html');
INSERT INTO `facts` (`id`, `fact`, `source`) VALUES (NULL, '"NVidia GeForce 6800 Ultra video card is built with 222 million transistors."', 'http://www.prophethacker.com/2016/09/interesting-facts-about-computer.html');
INSERT INTO `facts` (`id`, `fact`, `source`) VALUES (NULL, '"Tim Berners-Lee first coined the phrase “World Wide Web” in 1990."', 'http://www.prophethacker.com/2016/09/interesting-facts-about-computer.html');
INSERT INTO `facts` (`id`, `fact`, `source`) VALUES (NULL, '"Every minute, 10 hours of videos are uploaded on You Tube."', 'http://www.prophethacker.com/2016/09/interesting-facts-about-computer.html');
INSERT INTO `facts` (`id`, `fact`, `source`) VALUES (NULL, '"IMDb is one of the oldest websites on the internet, and began on Usenet in 1990."', 'http://www.prophethacker.com/2016/09/interesting-facts-about-computer.html');
-- ---------
-- -------------------------------- END OF FACT OF THE DAY INSERTS --------------------------------
-- ----------------------------------------- USER INSERTS -----------------------------------------
-- Generated using https://www.mockaroo.com/
-- USERS AND ADMINS MUST BE ADDED MANUALLY SO THE PASSWORDS CAN BE HASHED.  These insert statements should not be used.
-- INSERT INTO users (email, password, firstName, surname) VALUES ('pstrewther0@tinyurl.com', '0KyZnv', 'Paige', 'Strewther');
-- INSERT INTO users (email, password, firstName, surname) VALUES ('giozefovich1@dot.gov', 'w6R03LYL', 'Guglielmo', 'Iozefovich');
-- INSERT INTO users (email, password, firstName, surname) VALUES ('gyakolev2@elpais.com', 'ZcbVSaeL1ay', 'Gilbert', 'Yakolev');
-- INSERT INTO users (email, password, firstName, surname) VALUES ('kconquer3@nymag.com', 'jbefpvNLa', 'Kesley', 'Conquer');
-- INSERT INTO users (email, password, firstName, surname) VALUES ('bmackartan4@nature.com', 'JlWEa4qdJNzi', 'Bibby', 'MacKartan');
-- INSERT INTO users (email, password, firstName, surname) VALUES ('awillavize5@cam.ac.uk', 'qULM9OUCy', 'Alyosha', 'Willavize');
-- INSERT INTO users (email, password, firstName, surname) VALUES ('debbens6@vimeo.com', 'VcR8368Yj', 'Deborah', 'Ebbens');
-- INSERT INTO users (email, password, firstName, surname) VALUES ('wtippell7@pinterest.com', 'tSCWSP', 'Wendell', 'Tippell');
-- INSERT INTO users (email, password, firstName, surname) VALUES ('mschofield8@dell.com', '1JTWRB', 'Marney', 'Schofield');
-- INSERT INTO users (email, password, firstName, surname) VALUES ('cmonkhouse9@apache.org', 'GOaxZ4', 'Cris', 'Monkhouse');
-- INSERT INTO users (email, password, firstName, surname) VALUES ('cmacbetha@ezinearticles.com', 'VGTizt', 'Chanda', 'Macbeth');
-- INSERT INTO users (email, password, firstName, surname) VALUES ('fattenbarrowb@vkontakte.ru', '6IGg77sxR3tT', 'Farica', 'Attenbarrow');
-- INSERT INTO users (email, password, firstName, surname) VALUES ('wclampc@dedecms.com', 'TH2D4rP', 'Winfield', 'Clamp');
-- INSERT INTO users (email, password, firstName, surname) VALUES ('cmcgregord@sciencedaily.com', 'kUmVz4wll', 'Cammi', 'McGregor');
-- INSERT INTO users (email, password, firstName, surname) VALUES ('phedgee@wikimedia.org', 'ZrVJWv55pi', 'Paulita', 'Hedge');
-- INSERT INTO users (email, password, firstName, surname) VALUES ('lalbisserf@vkontakte.ru', 'eVhk81CdC', 'Lisabeth', 'Albisser');
-- INSERT INTO users (email, password, firstName, surname) VALUES ('dglowachg@china.com.cn', '4STEb19ays', 'Delores', 'Glowach');
-- INSERT INTO users (email, password, firstName, surname) VALUES ('ayablsleyh@yandex.ru', 'Yt3UdaAKVr', 'Amalea', 'Yablsley');
-- INSERT INTO users (email, password, firstName, surname) VALUES ('bcorstorphinei@hibu.com', 'O7lhcK', 'Benito', 'Corstorphine');
-- INSERT INTO users (email, password, firstName, surname) VALUES ('dwisherj@nih.gov', 'uPH6I1CQt6P9', 'Dorena', 'Wisher');
-- INSERT INTO users (email, password, firstName, surname) VALUES ('mfilipick@list-manage.com', 'xk4PQOWO', 'Marney', 'Filipic');
-- INSERT INTO users (email, password, firstName, surname) VALUES ('jcoatsworthl@jigsy.com', 'WkgoO5WW', 'Jobey', 'Coatsworth');
-- INSERT INTO users (email, password, firstName, surname) VALUES ('mgounotm@opensource.org', 'TEVc3f9lmD', 'Maye', 'Gounot');
-- INSERT INTO users (email, password, firstName, surname) VALUES ('ravrahamovn@engadget.com', 'VgK0m175AK', 'Ron', 'Avrahamov');
-- INSERT INTO users (email, password, firstName, surname) VALUES ('hholburyo@yahoo.com', '687uBN8xGpaP', 'Hilarius', 'Holbury');
-- INSERT INTO users (email, password, firstName, surname) VALUES ('jduprep@bigcartel.com', '6PTMPE0Thp9', 'Joyce', 'Du Pre');
-- INSERT INTO users (email, password, firstName, surname) VALUES ('snowakowskiq@ihg.com', 'kdV47YQXY2A', 'Stern', 'Nowakowski');
-- INSERT INTO users (email, password, firstName, surname) VALUES ('fheddenr@parallels.com', 'cW2VPr6sO', 'Ferris', 'Hedden');
-- INSERT INTO users (email, password, firstName, surname) VALUES ('rgehrickes@dropbox.com', 'UqsXvOVHkaZ', 'Ronnie', 'Gehricke');
-- INSERT INTO users (email, password, firstName, surname) VALUES ('isowtert@spiegel.de', 'RXviwS6Ym', 'Inglebert', 'Sowter');
-- ---------------------------------------END OF USER -- INSERTS --------------------------------------
-- ---------------------------------------- ADMIN -- INSERTS ------------------------------------------
-- INSERT into admin (email, password, firstName, surname) values ('arenault0@eepurl.com', 'diOTkyez4', 'Ann-marie', 'Renault');
-- INSERT into admin (email, password, firstName, surname) values ('rhains1@slashdot.org', 'aTZiPfUSPFuE', 'Roxi', 'Hains');
-- INSERT into admin (email, password, firstName, surname) values ('fkleinhaus2@ycombinator.com', 't8icKVLnAH', 'Fleming', 'Kleinhaus');
-- INSERT into admin (email, password, firstName, surname) values ('hglassford3@dropbox.com', '3ZBiZritUH', 'Hobard', 'Glassford');
-- INSERT into admin (email, password, firstName, surname) values ('ehainsworth4@yahoo.co.jp', 'uQX1zS7C7o', 'Elicia', 'Hainsworth');
-- INSERT into admin (email, password, firstName, surname) values ('kelsie5@cyberchimps.com', 'hvYhStHb', 'Karil', 'Elsie');
-- INSERT into admin (email, password, firstName, surname) values ('svolonte6@cnet.com', 'PYJOvo7K', 'Sheela', 'Volonte');
-- INSERT into admin (email, password, firstName, surname) values ('eech7@intel.com', 'kQYzgPGwVJGs', 'Evelin', 'Ech');
-- INSERT into admin (email, password, firstName, surname) values ('cethelstone8@myspace.com', 'RTJrKOJ', 'Cayla', 'Ethelstone');
-- INSERT into admin (email, password, firstName, surname) values ('asellek9@barnesandnoble.com', 'ArFWIti', 'Aldwin', 'Sellek');
-- INSERT into admin (email, password, firstName, surname) values ('dvearncomba@google.com.hk', '91FRa0c3DqKZ', 'Darline', 'Vearncomb');
-- INSERT into admin (email, password, firstName, surname) values ('nvasilischevb@un.org', 'HOnsISulRV', 'Nicolais', 'Vasilischev');
-- INSERT into admin (email, password, firstName, surname) values ('rbeachamc@vkontakte.ru', 'SfHdooZ7', 'Russell', 'Beacham');
-- INSERT into admin (email, password, firstName, surname) values ('wclaraed@cbc.ca', '1ZaT33yXQb', 'Willem', 'Clarae');
-- INSERT into admin (email, password, firstName, surname) values ('holeahye@patch.com', 'r9FJXnD', 'Harriette', 'O''Leahy');
-- INSERT into admin (email, password, firstName, surname) values ('ctrahearf@columbia.edu', 'asbIxbm8tAG', 'Charlene', 'Trahear');
-- INSERT into admin (email, password, firstName, surname) values ('bhambatchg@themeforest.net', 'qODTKFb8', 'Brenden', 'Hambatch');
-- INSERT into admin (email, password, firstName, surname) values ('jbutlandh@weather.com', 'f3T4nHQ0qF2', 'Judon', 'Butland');
-- INSERT into admin (email, password, firstName, surname) values ('areidi@reuters.com', 'eBGEOWteBs', 'Agnese', 'Reid');
-- INSERT into admin (email, password, firstName, surname) values ('ftayntonj@wisc.edu', 'AeYKOJ', 'Ford', 'Taynton');
-- INSERT into admin (email, password, firstName, surname) values ('ebredburyk@mlb.com', 'tgO24h1', 'Elli', 'Bredbury');
-- INSERT into admin (email, password, firstName, surname) values ('wspourel@army.mil', 'ttBLBK', 'Winifield', 'Spoure');
-- INSERT into admin (email, password, firstName, surname) values ('lkettowm@biglobe.ne.jp', 'aIkQqqQ65e', 'Lelia', 'Kettow');
-- INSERT into admin (email, password, firstName, surname) values ('landorn@tuttocitta.it', 'JtRIu7oil', 'Leslie', 'Andor');
-- INSERT into admin (email, password, firstName, surname) values ('gpashbyo@elegantthemes.com', 'GSATE5XAar', 'Gonzalo', 'Pashby');
-- INSERT into admin (email, password, firstName, surname) values ('gmacmenaminp@home.pl', 'Lk1q3NF', 'Gavin', 'MacMenamin');
-- INSERT into admin (email, password, firstName, surname) values ('bbecerraq@tamu.edu', 'AHVyaZva3R', 'Bunni', 'Becerra');
-- INSERT into admin (email, password, firstName, surname) values ('gblacklockr@goodreads.com', '8b3zNHwApBaN', 'Glenn', 'Blacklock');
-- INSERT into admin (email, password, firstName, surname) values ('bwoehlers@chronoengine.com', 'IT13BX', 'Brnaby', 'Woehler');
-- INSERT into admin (email, password, firstName, surname) values ('escholcroftt@eventbrite.com', 'WqZupQLWXIiZ', 'Edy', 'Scholcroft');
-- -------------------------------------- END OF ADMIN INSERTS -------------------------------------

-- --------------------------------------- PARADIGM INSERTS ----------------------------------------
INSERT INTO paradigm (pName, description) VALUES ('Object-Oriented', 'Everything in this paradigm is modelled as an object.');
INSERT INTO paradigm (pName, description) VALUES ('Functional', 'Each instruction is modelled as a function, with some input and some output.');
INSERT INTO paradigm (pName, description) VALUES ('Procedural', 'Possibly the simplest paradigm. A program is simply a list of instructions, read line by line by the compiler.');
INSERT INTO paradigm (pName, description) VALUES ('Logical', 'A program in the logical paradigm is simply a list of rules and facts.  These can be queried when the program is running, returning a value of true or false.');
INSERT INTO paradigm (pName, description) VALUES ('Declarative', 'The program code does not specify how to solve a problem line by line.  Instead it provides a set of rules which can be used to solve the problem at runtime.');
INSERT INTO paradigm (pName, description) VALUES ('Event-Driven', 'The way in which the program is run depends on which events occur and in what order.  An event may be a button click or the pressing of a particular key on the keyboard, for example.');
INSERT INTO paradigm (pName, description) VALUES ('Parallel', 'Allows for the running of different threads concurrently.');
INSERT INTO paradigm (pName, description) VALUES ('Markup', 'Not really a paradigm.  A way of programming where evrything is structured in blocks.');
INSERT INTO paradigm (pName, description) VALUES ('Scripting', 'Simple languages that are fairly written in small files.  Scripts are usually used for quick, simple tasks, for example on web pages.');
INSERT INTO paradigm (pName, description) VALUES ('Block', 'A programming style that allows for programs to be written using visual (usually coloured) blocks.');

-- ----------------------------------- END OF PARADIGM INSERTS --------------------------------------
-- ---------------------------------------- LANGUAGE INSERTS ----------------------------------------
INSERT INTO language (lName, description, year, mainParadigm, highOrLow) VALUES ('ARM Assembly', 'ARM (Advanced RISC machine) is a specific architecture for computer processors. ARM Assembly is a low level language that can only be used on this architecture.','1985','Procedural', 'Low-Level');
INSERT INTO language (lName, description, year, mainParadigm, highOrLow) VALUES ('C', 'A general purpose, systems level programming language. C has syntax like a high-level language, but also some capabilities you would expect to find in a low-level language','1972','Procedural', 'Low-Level');
INSERT INTO language (lName, description, year, mainParadigm, highOrLow) VALUES ('C#', 'Microsofts alternative to the C programming language. C# (pronounced "C sharp").  It is a general purpose language which makes use of many paradigms, however it is mainly object-oriented.','2000','Object-Oriented', 'High-Level');
INSERT INTO language (lName, description, year, mainParadigm, highOrLow) VALUES ('CakePHP', 'A PHP framework used to build dynamic websites quickly using the Model-View-Controller approach.','2000','Scripting', 'High-Level');
INSERT INTO language (lName, description, year, mainParadigm, highOrLow) VALUES ('C++', 'C++ (C plus plus) has all the features of the C programming language but with the ability for object-oriented programming too.','1985','Object-Oriented', 'High-Level');
INSERT INTO language (lName, description, year, mainParadigm, highOrLow) VALUES ('CSS', 'CSS or Cascading Style Sheets is a style sheet language used to control the structure of a language written in a markup language, for example HTML.  If you want to make websites that look nice, you should know CSS!','1996','Procedural', 'High-Level');
INSERT INTO language (lName, description, year, mainParadigm, highOrLow) VALUES ('CUDA', 'CUDA is a parallel computing platform and application programming interface model created by Nvidia.','2007','Parallel', 'High-Level');
INSERT INTO language (lName, description, year, mainParadigm, highOrLow) VALUES ('Erlang', 'A general purpose, concurrent, functional programming language.','1986','Functional', 'High-Level');
INSERT INTO language (lName, description, year, mainParadigm, highOrLow) VALUES ('Event-ML', 'An event-driven version of the classic functional language, ML','0001','Event-Driven', 'High-Level');
INSERT INTO language (lName, description, year, mainParadigm, highOrLow) VALUES ('F#', 'F# is a strongly typed, open source, cross-platform programming language.  It empowers users to tackle complex computing problems with simple, maintainable and robust code','2005','Functional', 'High-Level');
INSERT INTO language (lName, description, year, mainParadigm, highOrLow) VALUES ('Go', 'Go, also known as golang, was created by Google in 2009.  It is a compiled, statically typed language in the tradition of Algol and C, with features such as garbage collection and limited structural typing.','2009','Procedural', 'High-Level');
INSERT INTO language (lName, description, year, mainParadigm, highOrLow) VALUES ('Haskell', 'A purely functional programming language, with non-strict semantics and strong static typing.','1990','Functional', 'High-Level');
INSERT INTO language (lName, description, year, mainParadigm, highOrLow) VALUES ('HTML', 'This is the standard markup language for creating web pages. HTML stands for Hyper Text Markup Language.','1993','Markup', 'High-Level');
INSERT INTO language (lName, description, year, mainParadigm, highOrLow) VALUES ('Java', 'A general-purpose, object-oriented, class-based language used in many areas including server-side scripting and mobile app development.','1996','Object-Oriented', 'High-Level');
INSERT INTO language (lName, description, year, mainParadigm, highOrLow) VALUES ('JavaScript', 'Not to be confused with Java! JavaScript is a high-level, dynamic, weakly typed language, mostly used for scripting on world wide web pages.','1995','Scripting', 'High-Level');
INSERT INTO language (lName, description, year, mainParadigm, highOrLow) VALUES ('LISP', 'Lisp is the second-oldest high-level language still used today.  There have been many versions of Lisp, but it is best known for its distinctive, fully parenthesized notation.','1958','Functional', 'High-Level');
INSERT INTO language (lName, description, year, mainParadigm, highOrLow) VALUES ('MatLab', 'A multi-paradigm numerical computing environment.','1984','Logical', 'High-Level');
INSERT INTO language (lName, description, year, mainParadigm, highOrLow) VALUES ('MIPS Assembly', 'MIPS is a low-level programmimng language that can be used to manipulate computer processors with the MIPS architecture.','1985','Procedural', 'Low-Level');
INSERT INTO language (lName, description, year, mainParadigm, highOrLow) VALUES ('MIT App Inventor', 'An open source web application which allows you to create Android mobile apps using block programming.','2010','Block', 'High-Level');
INSERT INTO language (lName, description, year, mainParadigm, highOrLow) VALUES ('Thunkable', 'An open source web application which allows you to create Android and iOS mobile apps using block programming.','2010','Block', 'High-Level');
INSERT INTO language (lName, description, year, mainParadigm, highOrLow) VALUES ('OCAML', 'Objective CAML. A member of the ML language family.','1996','Functional', 'High-Level');
INSERT INTO language (lName, description, year, mainParadigm, highOrLow) VALUES ('Pascal', 'A small, efficient language, intended to encourage good programming practices.','1970','Procedural', 'High-Level');
INSERT INTO language (lName, description, year, mainParadigm, highOrLow) VALUES ('PDDL', 'A planning language.  In PDDL, a list of rules and possible actions are defined. When the program is run, it is given some goals to solve and must work out how to solve them itself.','1998','Declarative', 'High-Level');
INSERT INTO language (lName, description, year, mainParadigm, highOrLow) VALUES ('PHP', 'The main language for server-side scripting on websites.','1994','Scripting', 'High-Level');
INSERT INTO language (lName, description, year, mainParadigm, highOrLow) VALUES ('Prolog', 'A language which uses predicate logic to model facts and rules that can be queried upon running the program.','1972','Logical', 'High-Level');
INSERT INTO language (lName, description, year, mainParadigm, highOrLow) VALUES ('Python', 'A language designed to be simple to write in.  Python can be used in almost every area of programming.','1991','Procedural', 'High-Level');
INSERT INTO language (lName, description, year, mainParadigm, highOrLow) VALUES ('R', 'A programming language and software environment used for statistical computing and graphics.','1993','Object-Oriented', 'High-Level');
INSERT INTO language (lName, description, year, mainParadigm, highOrLow) VALUES ('Scratch', 'This allows you to write programs using coloured blocks. In Scratch you can quickly create lots of simple programs where you control a character on the screen called a Sprite.','2002','Block', 'High-Level');
INSERT INTO language (lName, description, year, mainParadigm, highOrLow) VALUES ('SQL', 'A language used for implementing and manipulating relational database management systems (RDBMS).','1974','Declarative', 'High-Level');
INSERT INTO language (lName, description, year, mainParadigm, highOrLow) VALUES ('Swift', 'A relatively new programming language developed by Apple.  It is mainly used for developing macOS desktop applications and iOS mobile apps.','2014','Object-Oriented', 'High-Level');
INSERT INTO language (lName, description, year, mainParadigm, highOrLow) VALUES ('SML', 'A modular programming language with compile-time type checking and type inference','1997','Functional', 'High-Level');
INSERT INTO language (lName, description, year, mainParadigm, highOrLow) VALUES ('Visual Basic', 'A legacy programming language and IDE which allows you to build a user interface using drag and drop functionality before writing the program code.','1991','Event-Driven', 'High-Level');
INSERT INTO language (lName, description, year, mainParadigm, highOrLow) VALUES ('Fortran', 'The oldest high-level language on this website.  Mainly used for numeric computation and scientific computing.','1957','Procedural', 'High-Level');
INSERT INTO language (lName, description, year, mainParadigm, highOrLow) VALUES ('Algol', 'An early high-level programming language which influenced the creation and syntax of many of the high-level languages we use today.','1958','Procedural', 'High-Level');
INSERT INTO language (lName, description, year, mainParadigm, highOrLow) VALUES ('MongoDB', 'A NoSQL, document-store database system, and alternative to MySQL.','2009','Procedural', 'High-Level');
INSERT INTO language (lName, description, year, mainParadigm, highOrLow) VALUES ('Ruby', 'A dynamic, general-purpose programming language that first appeared in 1995.','1995','Object-Oriented', 'High-Level');
INSERT INTO language (lName, description, year, mainParadigm, highOrLow) VALUES ('Flask', 'A Python micro-framework used for web development.','2010','Scripting', 'High-Level');

INSERT INTO language (lName, description, year, mainParadigm, highOrLow) VALUES ('Neo4j', 'A graph-store database management system, written in Java.','2007','Object-Oriented', 'High-Level');
INSERT INTO language (lName, description, year, mainParadigm, highOrLow) VALUES ('XML', 'A markup language that can be used to define structure in applications.  It can also be used as a database management system.','1980','Markup', 'High-Level');
INSERT INTO language (lName, description, year, mainParadigm, highOrLow) VALUES ('JSON', 'A notation built from JavaScript that assists in data interchange.','2000','Scripting', 'High-Level');
INSERT INTO language (lName, description, year, mainParadigm, highOrLow) VALUES ('Ruby On Rails', 'A framework developed in ruby that is useful for rapid web development.','2005','Scripting', 'High-Level');
-- ---------------------------------- END OF LANGUAGE INSERTS ---------------------------------------

-- --------------------------------- DISCUSSION BOARD INSERTS ---------------------------------------
INSERT INTO dBoard (id, boardName) VALUES (1, 'Main Board');
-- ------------------------------- END OF DISCUSSION BOARD INSERTS -------------------------------------
-- --------------------------------------- THREAD INSERTS ----------------------------------------------
INSERT INTO threads (`id`, `title`, `content`, `op`, `board`, `datePosted`, `timePosted`) VALUES ('1', 'Reading text files in Java.', 'I want to read in a text file using Java, and then do some processing on it.  Is there a generic way I can do this?', '1', '1', '2018-01-30', '15:40:38');
INSERT INTO threads (`id`, `title`, `content`, `op`, `board`, `datePosted`, `timePosted`) VALUES ('2', 'Scripting Languages.', 'I am writing a script that will read in a text file and return the number of occurrences of each character a-z.  I know how I want to go about it but I am not sure what language to use.  Any suggestions?', NULL, '1', '2018-01-30', '15:56:38');
-- ------------------------------------- END OF THREAD INSERTS -----------------------------------------

-- --------------------------------------- REPLY INSERTS ----------------------------------------------
INSERT INTO replies (id, user, content, thread) VALUES (1, 2, 'This is a test reply', 3);

-- ----------------------------------------------------------------------------------------------------
